{
  "anchors": [
    0.75,
    0.84,
    0.53,
    0.62,
    0.38,
    0.5,
    1.06,
    1.22,
    1.67,
    1.78
  ],
  "inputs": {
    "input0": [
      224,
      224,
      3
    ]
  },
  "outputs": {
    "output0": [
      7,
      7,
      35
    ]
  },
  "params_quantity": 13469515,
  "loss": [
    [
      1,
      29.89018
    ],
    [
      2,
      6.38815
    ],
    [
      3,
      5.83429
    ],
    [
      4,
      5.4817
    ],
    [
      5,
      5.19607
    ],
    [
      6,
      4.95283
    ],
    [
      7,
      4.75632
    ],
    [
      8,
      4.62448
    ],
    [
      9,
      4.5276
    ],
    [
      10,
      4.42627
    ],
    [
      11,
      4.35227
    ],
    [
      12,
      4.29367
    ],
    [
      13,
      4.24273
    ],
    [
      14,
      4.17671
    ],
    [
      15,
      4.13992
    ],
    [
      16,
      4.12729
    ],
    [
      17,
      4.1405
    ],
    [
      18,
      4.09411
    ],
    [
      19,
      4.09358
    ],
    [
      20,
      4.09021
    ],
    [
      21,
      4.07071
    ],
    [
      22,
      4.03351
    ],
    [
      23,
      3.99388
    ],
    [
      24,
      3.98083
    ],
    [
      25,
      3.98189
    ],
    [
      26,
      3.97414
    ],
    [
      27,
      3.95182
    ],
    [
      28,
      3.93924
    ],
    [
      29,
      3.94157
    ],
    [
      30,
      3.92301
    ],
    [
      31,
      3.91647
    ],
    [
      32,
      3.91446
    ],
    [
      33,
      3.88403
    ],
    [
      34,
      3.90625
    ],
    [
      35,
      3.92509
    ],
    [
      36,
      3.88064
    ],
    [
      37,
      3.90626
    ],
    [
      38,
      3.89197
    ],
    [
      39,
      3.89598
    ],
    [
      40,
      3.87705
    ],
    [
      41,
      3.87708
    ],
    [
      42,
      3.83879
    ],
    [
      43,
      3.85839
    ],
    [
      44,
      3.85467
    ],
    [
      45,
      3.84566
    ],
    [
      46,
      3.84711
    ],
    [
      47,
      3.82764
    ],
    [
      48,
      3.83613
    ],
    [
      49,
      3.83014
    ],
    [
      50,
      3.82906
    ],
    [
      51,
      3.81977
    ],
    [
      52,
      3.82364
    ],
    [
      53,
      3.79166
    ],
    [
      54,
      3.80493
    ],
    [
      55,
      3.79529
    ],
    [
      56,
      3.82972
    ],
    [
      57,
      3.81432
    ],
    [
      58,
      3.80486
    ],
    [
      59,
      3.80233
    ],
    [
      60,
      3.8049
    ],
    [
      61,
      3.79799
    ],
    [
      62,
      3.82322
    ],
    [
      63,
      3.81701
    ],
    [
      64,
      3.8108
    ],
    [
      65,
      3.79917
    ],
    [
      66,
      3.79279
    ],
    [
      67,
      3.79178
    ],
    [
      68,
      3.77944
    ],
    [
      69,
      3.77662
    ],
    [
      70,
      3.77321
    ],
    [
      71,
      3.7629
    ],
    [
      72,
      3.77009
    ],
    [
      73,
      3.76183
    ],
    [
      74,
      3.75759
    ],
    [
      75,
      3.76085
    ],
    [
      76,
      3.7783
    ],
    [
      77,
      3.76203
    ],
    [
      78,
      3.74656
    ],
    [
      79,
      3.77233
    ],
    [
      80,
      3.77227
    ],
    [
      81,
      3.74249
    ],
    [
      82,
      3.73964
    ],
    [
      83,
      3.7344
    ],
    [
      84,
      3.73436
    ],
    [
      85,
      3.74374
    ],
    [
      86,
      3.74779
    ],
    [
      87,
      3.75846
    ],
    [
      88,
      3.74822
    ],
    [
      89,
      3.73392
    ],
    [
      90,
      3.74169
    ],
    [
      91,
      3.72893
    ],
    [
      92,
      3.73287
    ],
    [
      93,
      3.75544
    ],
    [
      94,
      3.7419
    ],
    [
      95,
      3.73911
    ],
    [
      96,
      3.72462
    ],
    [
      97,
      3.7265
    ],
    [
      98,
      3.72744
    ],
    [
      99,
      3.72626
    ],
    [
      100,
      3.72952
    ]
  ],
  "loss_conf": [
    [
      1,
      23.79493
    ],
    [
      2,
      1.3817
    ],
    [
      3,
      1.54358
    ],
    [
      4,
      1.41509
    ],
    [
      5,
      1.30048
    ],
    [
      6,
      1.20888
    ],
    [
      7,
      1.13544
    ],
    [
      8,
      1.10314
    ],
    [
      9,
      1.09618
    ],
    [
      10,
      1.06188
    ],
    [
      11,
      1.04942
    ],
    [
      12,
      1.03483
    ],
    [
      13,
      1.03072
    ],
    [
      14,
      0.9943
    ],
    [
      15,
      0.98674
    ],
    [
      16,
      1.00809
    ],
    [
      17,
      1.04274
    ],
    [
      18,
      1.01381
    ],
    [
      19,
      1.02637
    ],
    [
      20,
      1.04701
    ],
    [
      21,
      1.02694
    ],
    [
      22,
      1.00012
    ],
    [
      23,
      0.96797
    ],
    [
      24,
      0.96085
    ],
    [
      25,
      0.97008
    ],
    [
      26,
      0.96281
    ],
    [
      27,
      0.94704
    ],
    [
      28,
      0.94344
    ],
    [
      29,
      0.94579
    ],
    [
      30,
      0.93533
    ],
    [
      31,
      0.92749
    ],
    [
      32,
      0.93494
    ],
    [
      33,
      0.90471
    ],
    [
      34,
      0.9302
    ],
    [
      35,
      0.9486
    ],
    [
      36,
      0.91283
    ],
    [
      37,
      0.93635
    ],
    [
      38,
      0.92762
    ],
    [
      39,
      0.92877
    ],
    [
      40,
      0.91079
    ],
    [
      41,
      0.91045
    ],
    [
      42,
      0.87725
    ],
    [
      43,
      0.89242
    ],
    [
      44,
      0.89141
    ],
    [
      45,
      0.88348
    ],
    [
      46,
      0.88778
    ],
    [
      47,
      0.87108
    ],
    [
      48,
      0.88101
    ],
    [
      49,
      0.87506
    ],
    [
      50,
      0.87544
    ],
    [
      51,
      0.86567
    ],
    [
      52,
      0.87845
    ],
    [
      53,
      0.83897
    ],
    [
      54,
      0.85249
    ],
    [
      55,
      0.84735
    ],
    [
      56,
      0.87448
    ],
    [
      57,
      0.86105
    ],
    [
      58,
      0.85932
    ],
    [
      59,
      0.85229
    ],
    [
      60,
      0.85981
    ],
    [
      61,
      0.84763
    ],
    [
      62,
      0.87028
    ],
    [
      63,
      0.86689
    ],
    [
      64,
      0.86808
    ],
    [
      65,
      0.84955
    ],
    [
      66,
      0.85347
    ],
    [
      67,
      0.84264
    ],
    [
      68,
      0.82808
    ],
    [
      69,
      0.83467
    ],
    [
      70,
      0.82893
    ],
    [
      71,
      0.81342
    ],
    [
      72,
      0.82734
    ],
    [
      73,
      0.81568
    ],
    [
      74,
      0.81538
    ],
    [
      75,
      0.81858
    ],
    [
      76,
      0.8348
    ],
    [
      77,
      0.81204
    ],
    [
      78,
      0.80543
    ],
    [
      79,
      0.82522
    ],
    [
      80,
      0.82951
    ],
    [
      81,
      0.7996
    ],
    [
      82,
      0.80241
    ],
    [
      83,
      0.79205
    ],
    [
      84,
      0.7965
    ],
    [
      85,
      0.80363
    ],
    [
      86,
      0.81274
    ],
    [
      87,
      0.81569
    ],
    [
      88,
      0.81129
    ],
    [
      89,
      0.7988
    ],
    [
      90,
      0.80408
    ],
    [
      91,
      0.79486
    ],
    [
      92,
      0.79615
    ],
    [
      93,
      0.8114
    ],
    [
      94,
      0.80094
    ],
    [
      95,
      0.79709
    ],
    [
      96,
      0.78269
    ],
    [
      97,
      0.78954
    ],
    [
      98,
      0.78688
    ],
    [
      99,
      0.78681
    ],
    [
      100,
      0.78749
    ]
  ],
  "loss_pos": [
    [
      1,
      5.13732
    ],
    [
      2,
      4.35489
    ],
    [
      3,
      3.72974
    ],
    [
      4,
      3.56492
    ],
    [
      5,
      3.45306
    ],
    [
      6,
      3.36426
    ],
    [
      7,
      3.29959
    ],
    [
      8,
      3.24793
    ],
    [
      9,
      3.1995
    ],
    [
      10,
      3.16833
    ],
    [
      11,
      3.13776
    ],
    [
      12,
      3.10822
    ],
    [
      13,
      3.08597
    ],
    [
      14,
      3.06917
    ],
    [
      15,
      3.05338
    ],
    [
      16,
      3.03059
    ],
    [
      17,
      3.01963
    ],
    [
      18,
      3.01188
    ],
    [
      19,
      3.00402
    ],
    [
      20,
      2.98701
    ],
    [
      21,
      2.99145
    ],
    [
      22,
      2.98419
    ],
    [
      23,
      2.98145
    ],
    [
      24,
      2.97831
    ],
    [
      25,
      2.97289
    ],
    [
      26,
      2.97305
    ],
    [
      27,
      2.97022
    ],
    [
      28,
      2.9642
    ],
    [
      29,
      2.96489
    ],
    [
      30,
      2.95922
    ],
    [
      31,
      2.96277
    ],
    [
      32,
      2.95566
    ],
    [
      33,
      2.95631
    ],
    [
      34,
      2.95364
    ],
    [
      35,
      2.95534
    ],
    [
      36,
      2.94742
    ],
    [
      37,
      2.95117
    ],
    [
      38,
      2.94595
    ],
    [
      39,
      2.94959
    ],
    [
      40,
      2.94918
    ],
    [
      41,
      2.95052
    ],
    [
      42,
      2.945
    ],
    [
      43,
      2.95084
    ],
    [
      44,
      2.94797
    ],
    [
      45,
      2.94784
    ],
    [
      46,
      2.94591
    ],
    [
      47,
      2.94347
    ],
    [
      48,
      2.9424
    ],
    [
      49,
      2.94254
    ],
    [
      50,
      2.94174
    ],
    [
      51,
      2.94178
    ],
    [
      52,
      2.93416
    ],
    [
      53,
      2.94189
    ],
    [
      54,
      2.94224
    ],
    [
      55,
      2.93771
    ],
    [
      56,
      2.94518
    ],
    [
      57,
      2.9436
    ],
    [
      58,
      2.93596
    ],
    [
      59,
      2.94047
    ],
    [
      60,
      2.93625
    ],
    [
      61,
      2.94138
    ],
    [
      62,
      2.94428
    ],
    [
      63,
      2.9416
    ],
    [
      64,
      2.9345
    ],
    [
      65,
      2.94163
    ],
    [
      66,
      2.93129
    ],
    [
      67,
      2.94126
    ],
    [
      68,
      2.94297
    ],
    [
      69,
      2.93348
    ],
    [
      70,
      2.93589
    ],
    [
      71,
      2.94112
    ],
    [
      72,
      2.93479
    ],
    [
      73,
      2.93827
    ],
    [
      74,
      2.93468
    ],
    [
      75,
      2.93496
    ],
    [
      76,
      2.93645
    ],
    [
      77,
      2.94263
    ],
    [
      78,
      2.93395
    ],
    [
      79,
      2.94034
    ],
    [
      80,
      2.93599
    ],
    [
      81,
      2.93663
    ],
    [
      82,
      2.93087
    ],
    [
      83,
      2.93651
    ],
    [
      84,
      2.932
    ],
    [
      85,
      2.93424
    ],
    [
      86,
      2.92945
    ],
    [
      87,
      2.93729
    ],
    [
      88,
      2.93131
    ],
    [
      89,
      2.9294
    ],
    [
      90,
      2.93189
    ],
    [
      91,
      2.9286
    ],
    [
      92,
      2.93113
    ],
    [
      93,
      2.93857
    ],
    [
      94,
      2.93567
    ],
    [
      95,
      2.93654
    ],
    [
      96,
      2.93646
    ],
    [
      97,
      2.93174
    ],
    [
      98,
      2.93519
    ],
    [
      99,
      2.93418
    ],
    [
      100,
      2.93712
    ]
  ],
  "loss_class": [
    [
      1,
      0.95793
    ],
    [
      2,
      0.65156
    ],
    [
      3,
      0.56097
    ],
    [
      4,
      0.5017
    ],
    [
      5,
      0.44253
    ],
    [
      6,
      0.37969
    ],
    [
      7,
      0.32129
    ],
    [
      8,
      0.27341
    ],
    [
      9,
      0.23193
    ],
    [
      10,
      0.19606
    ],
    [
      11,
      0.16509
    ],
    [
      12,
      0.15063
    ],
    [
      13,
      0.12605
    ],
    [
      14,
      0.11324
    ],
    [
      15,
      0.0998
    ],
    [
      16,
      0.08861
    ],
    [
      17,
      0.07813
    ],
    [
      18,
      0.06842
    ],
    [
      19,
      0.06319
    ],
    [
      20,
      0.05619
    ],
    [
      21,
      0.05232
    ],
    [
      22,
      0.0492
    ],
    [
      23,
      0.04446
    ],
    [
      24,
      0.04168
    ],
    [
      25,
      0.03892
    ],
    [
      26,
      0.03828
    ],
    [
      27,
      0.03456
    ],
    [
      28,
      0.0316
    ],
    [
      29,
      0.03089
    ],
    [
      30,
      0.02846
    ],
    [
      31,
      0.02621
    ],
    [
      32,
      0.02386
    ],
    [
      33,
      0.02301
    ],
    [
      34,
      0.02241
    ],
    [
      35,
      0.02115
    ],
    [
      36,
      0.02039
    ],
    [
      37,
      0.01874
    ],
    [
      38,
      0.01839
    ],
    [
      39,
      0.01763
    ],
    [
      40,
      0.01708
    ],
    [
      41,
      0.01611
    ],
    [
      42,
      0.01654
    ],
    [
      43,
      0.01513
    ],
    [
      44,
      0.01529
    ],
    [
      45,
      0.01433
    ],
    [
      46,
      0.01342
    ],
    [
      47,
      0.0131
    ],
    [
      48,
      0.01271
    ],
    [
      49,
      0.01254
    ],
    [
      50,
      0.01188
    ],
    [
      51,
      0.01231
    ],
    [
      52,
      0.01103
    ],
    [
      53,
      0.01081
    ],
    [
      54,
      0.0102
    ],
    [
      55,
      0.01022
    ],
    [
      56,
      0.01006
    ],
    [
      57,
      0.00967
    ],
    [
      58,
      0.00959
    ],
    [
      59,
      0.00957
    ],
    [
      60,
      0.00883
    ],
    [
      61,
      0.00898
    ],
    [
      62,
      0.00867
    ],
    [
      63,
      0.00852
    ],
    [
      64,
      0.00823
    ],
    [
      65,
      0.00799
    ],
    [
      66,
      0.00803
    ],
    [
      67,
      0.00788
    ],
    [
      68,
      0.0084
    ],
    [
      69,
      0.00848
    ],
    [
      70,
      0.00839
    ],
    [
      71,
      0.00836
    ],
    [
      72,
      0.00796
    ],
    [
      73,
      0.00788
    ],
    [
      74,
      0.00754
    ],
    [
      75,
      0.00731
    ],
    [
      76,
      0.00705
    ],
    [
      77,
      0.00736
    ],
    [
      78,
      0.00719
    ],
    [
      79,
      0.00678
    ],
    [
      80,
      0.00677
    ],
    [
      81,
      0.00626
    ],
    [
      82,
      0.00636
    ],
    [
      83,
      0.00585
    ],
    [
      84,
      0.00586
    ],
    [
      85,
      0.00587
    ],
    [
      86,
      0.00561
    ],
    [
      87,
      0.00548
    ],
    [
      88,
      0.00563
    ],
    [
      89,
      0.00573
    ],
    [
      90,
      0.00572
    ],
    [
      91,
      0.00546
    ],
    [
      92,
      0.0056
    ],
    [
      93,
      0.00547
    ],
    [
      94,
      0.00528
    ],
    [
      95,
      0.00547
    ],
    [
      96,
      0.00548
    ],
    [
      97,
      0.00522
    ],
    [
      98,
      0.00537
    ],
    [
      99,
      0.00528
    ],
    [
      100,
      0.0049
    ]
  ],
  "lr": [
    [
      1,
      0.001
    ],
    [
      2,
      0.00098
    ],
    [
      3,
      0.00095
    ],
    [
      4,
      0.00093
    ],
    [
      5,
      0.00091
    ],
    [
      6,
      0.00089
    ],
    [
      7,
      0.00087
    ],
    [
      8,
      0.00085
    ],
    [
      9,
      0.00083
    ],
    [
      10,
      0.00081
    ],
    [
      11,
      0.00079
    ],
    [
      12,
      0.00078
    ],
    [
      13,
      0.00076
    ],
    [
      14,
      0.00074
    ],
    [
      15,
      0.00072
    ],
    [
      16,
      0.00071
    ],
    [
      17,
      0.00069
    ],
    [
      18,
      0.00068
    ],
    [
      19,
      0.00066
    ],
    [
      20,
      0.00065
    ],
    [
      21,
      0.00063
    ],
    [
      22,
      0.00062
    ],
    [
      23,
      0.0006
    ],
    [
      24,
      0.00059
    ],
    [
      25,
      0.00058
    ],
    [
      26,
      0.00056
    ],
    [
      27,
      0.00055
    ],
    [
      28,
      0.00054
    ],
    [
      29,
      0.00052
    ],
    [
      30,
      0.00051
    ],
    [
      31,
      0.0005
    ],
    [
      32,
      0.00049
    ],
    [
      33,
      0.00048
    ],
    [
      34,
      0.00047
    ],
    [
      35,
      0.00046
    ],
    [
      36,
      0.00045
    ],
    [
      37,
      0.00044
    ],
    [
      38,
      0.00043
    ],
    [
      39,
      0.00042
    ],
    [
      40,
      0.00041
    ],
    [
      41,
      0.0004
    ],
    [
      42,
      0.00039
    ],
    [
      43,
      0.00038
    ],
    [
      44,
      0.00037
    ],
    [
      45,
      0.00036
    ],
    [
      46,
      0.00035
    ],
    [
      47,
      0.00035
    ],
    [
      48,
      0.00034
    ],
    [
      49,
      0.00033
    ],
    [
      50,
      0.00032
    ],
    [
      51,
      0.00032
    ],
    [
      52,
      0.00031
    ],
    [
      53,
      0.0003
    ],
    [
      54,
      0.0003
    ],
    [
      55,
      0.00029
    ],
    [
      56,
      0.00028
    ],
    [
      57,
      0.00028
    ],
    [
      58,
      0.00027
    ],
    [
      59,
      0.00026
    ],
    [
      60,
      0.00026
    ],
    [
      61,
      0.00025
    ],
    [
      62,
      0.00025
    ],
    [
      63,
      0.00024
    ],
    [
      64,
      0.00023
    ],
    [
      65,
      0.00023
    ],
    [
      66,
      0.00022
    ],
    [
      67,
      0.00022
    ],
    [
      68,
      0.00021
    ],
    [
      69,
      0.00021
    ],
    [
      70,
      0.0002
    ],
    [
      71,
      0.0002
    ],
    [
      72,
      0.00019
    ],
    [
      73,
      0.00019
    ],
    [
      74,
      0.00019
    ],
    [
      75,
      0.00018
    ],
    [
      76,
      0.00018
    ],
    [
      77,
      0.00017
    ],
    [
      78,
      0.00017
    ],
    [
      79,
      0.00017
    ],
    [
      80,
      0.00016
    ],
    [
      81,
      0.00016
    ],
    [
      82,
      0.00015
    ],
    [
      83,
      0.00015
    ],
    [
      84,
      0.00015
    ],
    [
      85,
      0.00014
    ],
    [
      86,
      0.00014
    ],
    [
      87,
      0.00014
    ],
    [
      88,
      0.00013
    ],
    [
      89,
      0.00013
    ],
    [
      90,
      0.00013
    ],
    [
      91,
      0.00013
    ],
    [
      92,
      0.00012
    ],
    [
      93,
      0.00012
    ],
    [
      94,
      0.00012
    ],
    [
      95,
      0.00011
    ],
    [
      96,
      0.00011
    ],
    [
      97,
      0.00011
    ],
    [
      98,
      0.00011
    ],
    [
      99,
      0.0001
    ],
    [
      100,
      0.0001
    ]
  ],
  "val_acc": [
    [
      10,
      0.4259
    ],
    [
      20,
      0.66263
    ],
    [
      30,
      0.67866
    ],
    [
      40,
      0.68558
    ],
    [
      50,
      0.75553
    ],
    [
      60,
      0.74682
    ],
    [
      70,
      0.72483
    ],
    [
      80,
      0.74183
    ],
    [
      90,
      0.71534
    ],
    [
      100,
      0.72752
    ]
  ],
  "val_acc_safe": [
    [
      10,
      0.51997
    ],
    [
      20,
      0.69697
    ],
    [
      30,
      0.68803
    ],
    [
      40,
      0.76657
    ],
    [
      50,
      0.78048
    ],
    [
      60,
      0.76305
    ],
    [
      70,
      0.78369
    ],
    [
      80,
      0.78116
    ],
    [
      90,
      0.76126
    ],
    [
      100,
      0.78561
    ]
  ],
  "val_acc_Danger": [
    [
      10,
      0.33182
    ],
    [
      20,
      0.62828
    ],
    [
      30,
      0.66929
    ],
    [
      40,
      0.60458
    ],
    [
      50,
      0.73059
    ],
    [
      60,
      0.73059
    ],
    [
      70,
      0.66596
    ],
    [
      80,
      0.70249
    ],
    [
      90,
      0.66942
    ],
    [
      100,
      0.66942
    ]
  ],
  "mean": 123.5,
  "std": 58.395,
  "label_type": "detection",
  "data_type": "image",
  "labels": [
    "safe",
    "Danger"
  ],
  "best_eval": {
    "epoch": 50,
    "val_acc": 0.756,
    "val_info": [
      {
        "name": "24532f19ed5e450ba273b9e75dbea16a.jpg",
        "nickname": "71.jpg",
        "pred": [
          [
            1,
            71,
            47,
            124,
            0.5845452547073364,
            0.0
          ],
          [
            9,
            76,
            29,
            105,
            0.5776950716972351,
            0.0
          ],
          [
            89,
            78,
            106,
            102,
            0.6360689997673035,
            0.0
          ],
          [
            143,
            78,
            162,
            95,
            0.5566264986991882,
            0.0
          ],
          [
            337,
            81,
            371,
            112,
            0.8659272789955139,
            0.0
          ],
          [
            188,
            93,
            220,
            128,
            0.8676453828811646,
            1.0
          ]
        ],
        "gt": [
          [
            340,
            72,
            373,
            130,
            1.0,
            0.0
          ],
          [
            72,
            80,
            124,
            117,
            1.0,
            0.0
          ],
          [
            0,
            71,
            46,
            126,
            1.0,
            0.0
          ],
          [
            141,
            69,
            165,
            110,
            1.0,
            0.0
          ],
          [
            189,
            85,
            230,
            132,
            1.0,
            1.0
          ]
        ],
        "ok": false
      },
      {
        "name": "6a3ca0c1241e4f6a933232875b08ee71.jpg",
        "nickname": "63.jpg",
        "pred": [
          [
            101,
            141,
            135,
            196,
            0.902370035648346,
            0.0
          ],
          [
            243,
            157,
            278,
            212,
            0.7902792692184448,
            0.0
          ],
          [
            31,
            132,
            88,
            202,
            0.718836784362793,
            1.0
          ],
          [
            123,
            182,
            166,
            223,
            0.7074190974235535,
            1.0
          ]
        ],
        "gt": [
          [
            242,
            156,
            276,
            210,
            1.0,
            0.0
          ],
          [
            101,
            143,
            135,
            195,
            1.0,
            0.0
          ],
          [
            33,
            130,
            90,
            201,
            1.0,
            1.0
          ],
          [
            124,
            184,
            166,
            223,
            1.0,
            1.0
          ]
        ],
        "ok": true
      },
      {
        "name": "2d76e0b8c8b74f19a76b4be7899903a0.jpg",
        "nickname": "139.jpg",
        "pred": [
          [
            67,
            171,
            99,
            207,
            0.8791064620018005,
            0.0
          ],
          [
            137,
            163,
            163,
            210,
            0.8699700236320496,
            0.0
          ],
          [
            190,
            171,
            227,
            207,
            0.8655526638031006,
            0.0
          ]
        ],
        "gt": [
          [
            68,
            163,
            105,
            219,
            1.0,
            0.0
          ],
          [
            135,
            165,
            174,
            208,
            1.0,
            0.0
          ],
          [
            192,
            165,
            227,
            215,
            1.0,
            0.0
          ]
        ],
        "ok": true
      },
      {
        "name": "3e1ede0c273644b99fab38abe174290a.jpg",
        "nickname": "162.jpg",
        "pred": [
          [
            202,
            1,
            291,
            83,
            0.9192944765090942,
            0.0
          ],
          [
            318,
            0,
            402,
            106,
            0.9002234935760498,
            0.0
          ],
          [
            148,
            50,
            225,
            128,
            0.8815789818763733,
            0.0
          ]
        ],
        "gt": [
          [
            321,
            0,
            407,
            101,
            1.0,
            0.0
          ],
          [
            145,
            46,
            230,
            133,
            1.0,
            0.0
          ]
        ],
        "ok": true
      },
      {
        "name": "4a68dbe5abaa41ea8289f52dc461b95f.jpg",
        "nickname": "70.jpg",
        "pred": [
          [
            238,
            70,
            266,
            111,
            0.7369082570075989,
            1.0
          ],
          [
            216,
            51,
            281,
            134,
            0.605923593044281,
            1.0
          ],
          [
            334,
            76,
            372,
            119,
            0.5806053876876831,
            1.0
          ]
        ],
        "gt": [
          [
            217,
            58,
            282,
            134,
            1.0,
            1.0
          ],
          [
            329,
            71,
            384,
            140,
            1.0,
            1.0
          ]
        ],
        "ok": false
      },
      {
        "name": "686b5d470700472fb5363db34ab1bef9.jpg",
        "nickname": "68.jpg",
        "pred": [
          [
            156,
            32,
            258,
            122,
            0.67213374376297,
            0.0
          ],
          [
            175,
            43,
            233,
            109,
            0.7801854610443115,
            1.0
          ]
        ],
        "gt": [
          [
            154,
            30,
            260,
            121,
            1.0,
            0.0
          ]
        ],
        "ok": false
      },
      {
        "name": "4de56673cf1c4d8d9aa783446f887219.jpg",
        "nickname": "50.jpg",
        "pred": [
          [
            149,
            24,
            246,
            127,
            0.8162775635719299,
            0.0
          ],
          [
            303,
            45,
            364,
            110,
            0.8187532424926758,
            1.0
          ]
        ],
        "gt": [
          [
            147,
            25,
            243,
            128,
            1.0,
            0.0
          ],
          [
            292,
            46,
            370,
            109,
            1.0,
            1.0
          ],
          [
            0,
            55,
            37,
            111,
            1.0,
            1.0
          ]
        ],
        "ok": true
      },
      {
        "name": "6e2dc6b5e273470cbeb39d91a60c156a.jpg",
        "nickname": "107.jpg",
        "pred": [
          [
            196,
            53,
            226,
            102,
            0.7687675952911377,
            0.0
          ],
          [
            178,
            46,
            208,
            90,
            0.835493803024292,
            1.0
          ]
        ],
        "gt": [
          [
            180,
            36,
            230,
            92,
            1.0,
            1.0
          ]
        ],
        "ok": false
      },
      {
        "name": "65755ccd21984446a2ad292186ed3127.jpg",
        "nickname": "67.jpg",
        "pred": [
          [
            85,
            35,
            155,
            117,
            0.6859258413314819,
            1.0
          ],
          [
            168,
            24,
            262,
            123,
            0.7936961650848389,
            1.0
          ]
        ],
        "gt": [
          [
            171,
            27,
            273,
            120,
            1.0,
            1.0
          ],
          [
            85,
            33,
            152,
            129,
            1.0,
            1.0
          ]
        ],
        "ok": true
      },
      {
        "name": "89fc585118d4456a9c6f90891dc55912.jpg",
        "nickname": "106.jpg",
        "pred": [
          [
            170,
            0,
            214,
            66,
            0.8949353098869324,
            1.0
          ]
        ],
        "gt": [
          [
            163,
            0,
            219,
            53,
            1.0,
            0.0
          ]
        ],
        "ok": false
      }
    ]
  }
}